{
  "development" : {
    "REF_DATA_DB_NAME" : "mysql",
    "REF_DATA_DB_USER" : "root",
    "REF_DATA_DB_PASSWORD" : "MYSQL",
    "REF_DATA_DB_DIALECT" : "mysql",
    "REF_DATA_DB_HOST" : "localhost",
    "REF_DATA_DB_PORT" : 3306,
    "REF_DATA_DB_NAME" : "postgres",
    "REF_DATA_DB_USER" : "postgres",
    "REF_DATA_DB_PASSWORD" : "postgres",
    "REF_DATA_DB_DIALECT" : "postgres",
    "REF_DATA_DB_HOST" : "localhost",
    "REF_DATA_DB_PORT" : 5432,
    "SEED_REF_DATA_ON_STARTUP" : false,
    "POSTGRES_URI" : "postgresql://shekhar:shekhar@localhost:5432/metallica",
    "MONGODB_TRADES_URI" : "mongodb://localhost/trades",
  },
  "test" : {
  }
}
